INSERT INTO users(id, username, `password`, email, `profile_picture`, `cover_picture`, `description`, `city`,
                  `from_city`, `relationship`)
VALUES (1, 'ntan1902', '$2y$10$/KO/hcLUIEXNxsWfop6hmeh255Po0.Y2eJ66KCm0grl0HM8N81VJG', 'ntan1902@gmail.com',
        'https://images.unsplash.com/photo-1535713875002-d1d0cf377fde?ixid=MnwxMjA3fDB8MHxwaG90by1wYWdlfHx8fGVufDB8fHx8&ixlib=rb-1.2.1&auto=format&fit=crop&w=800&q=80',
        'https://images.unsplash.com/photo-1500099817043-86d46000d58f?ixid=MnwxMjA3fDB8MHxwaG90by1wYWdlfHx8fGVufDB8fHx8&ixlib=rb-1.2.1&auto=format&fit=crop&w=634&q=80',
        'Hi, I\'m An', 'Tp. Ho Chi Minh', 'Tp. Ho Chi Minh', 'SINGLE'),
       (2, 'ohnguyen', '$2y$10$/KO/hcLUIEXNxsWfop6hmeh255Po0.Y2eJ66KCm0grl0HM8N81VJG', 'ohnguyen@fit.hcmus.edu.vn',
        'https://images.unsplash.com/photo-1599566150163-29194dcaad36?ixid=MnwxMjA3fDB8MHxwaG90by1wYWdlfHx8fGVufDB8fHx8&ixlib=rb-1.2.1&auto=format&fit=crop&w=634&q=80',
        'https://images.unsplash.com/photo-1504805572947-34fad45aed93?ixlib=rb-1.2.1&ixid=MnwxMjA3fDB8MHxwaG90by1wYWdlfHx8fGVufDB8fHx8&auto=format&fit=crop&w=1050&q=80',
        'Hi, I\'m Nguyen', 'Tp. Ho Chi Minh', 'Ha Noi', 'SINGLE'),
       (3, 'nthao', '$2y$10$/KO/hcLUIEXNxsWfop6hmeh255Po0.Y2eJ66KCm0grl0HM8N81VJG', 'nthao@fit.hcmus.edu.vn',
        'https://images.unsplash.com/photo-1531427186611-ecfd6d936c79?ixlib=rb-1.2.1&ixid=MnwxMjA3fDB8MHxwaG90by1wYWdlfHx8fGVufDB8fHx8&auto=format&fit=crop&w=634&q=80',
        'https://images.unsplash.com/photo-1492112007959-c35ae067c37b?ixid=MnwxMjA3fDB8MHxwaG90by1wYWdlfHx8fGVufDB8fHx8&ixlib=rb-1.2.1&auto=format&fit=crop&w=631&q=80',
        'Hi, I\'m Hao', 'Tp. Ho Chi Minh', 'LA', 'SINGLE'),
       (4, 'dbtien', '$2y$10$/KO/hcLUIEXNxsWfop6hmeh255Po0.Y2eJ66KCm0grl0HM8N81VJG', 'dbtien@fit.hcmus.edu.vn',
        'https://images.unsplash.com/photo-1543610892-0b1f7e6d8ac1?ixlib=rb-1.2.1&ixid=MnwxMjA3fDB8MHxwaG90by1wYWdlfHx8fGVufDB8fHx8&auto=format&fit=crop&w=634&q=80',
        'https://images.unsplash.com/photo-1515138692129-197a2c608cfd?ixid=MnwxMjA3fDB8MHxwaG90by1wYWdlfHx8fGVufDB8fHx8&ixlib=rb-1.2.1&auto=format&fit=crop&w=634&q=80',
        'Hi, I\'m Tien', 'Tp. Ho Chi Minh', 'Tp. Ho Chi Minh', 'MARRIED'),

       (5, 'hlndung', '$2y$10$/KO/hcLUIEXNxsWfop6hmeh255Po0.Y2eJ66KCm0grl0HM8N81VJG', 'hlndung@fit.hcmus.edu.vn',
        'https://images.pexels.com/photos/3841338/pexels-photo-3841338.jpeg?auto=compress&cs=tinysrgb&dpr=2&h=650&w=940',
        'https://images.unsplash.com/photo-1513151233558-d860c5398176?ixlib=rb-1.2.1&ixid=MnwxMjA3fDB8MHxwaG90by1wYWdlfHx8fGVufDB8fHx8&auto=format&fit=crop&w=1050&q=80',
        'Hi, I\'m Dung', 'Tp. Ho Chi Minh', 'Tp. Ho Chi Minh', 'SINGLE'),
       (6, 'cvnam', '$2y$10$/KO/hcLUIEXNxsWfop6hmeh255Po0.Y2eJ66KCm0grl0HM8N81VJG', 'cvnam@fit.hcmus.edu.vn',
        'https://images.pexels.com/photos/3772771/pexels-photo-3772771.jpeg?auto=compress&cs=tinysrgb&dpr=1&w=500',
        'https://images.unsplash.com/photo-1511137354177-fc53b5ef9a9a?ixid=MnwxMjA3fDB8MHxwaG90by1wYWdlfHx8fGVufDB8fHx8&ixlib=rb-1.2.1&auto=format&fit=crop&w=634&q=80',
        'Hi, I\'m Nam', 'Da Nang', 'Hai Phong', 'SINGLE'),
       (7, 'ltnquynh', '$2y$10$/KO/hcLUIEXNxsWfop6hmeh255Po0.Y2eJ66KCm0grl0HM8N81VJG', 'ltnquynh@fit.hcmus.edu.vn',
        'https://images.pexels.com/photos/3304341/pexels-photo-3304341.jpeg?auto=compress&cs=tinysrgb&dpr=1&w=500',
        'https://images.unsplash.com/photo-1436262513933-a0b06755c784?ixid=MnwxMjA3fDB8MHxwaG90by1wYWdlfHx8fGVufDB8fHx8&ixlib=rb-1.2.1&auto=format&fit=crop&w=1051&q=80',
        'Hi, I\'m Quynh', 'Tp. Ho Chi Minh', 'Tp. Ho Chi Minh', 'MARRIED'),
       (8, 'htthanh', '$2y$10$/KO/hcLUIEXNxsWfop6hmeh255Po0.Y2eJ66KCm0grl0HM8N81VJG', 'htthanh@fit.hcmus.edu.vn',
        'https://images.pexels.com/photos/3519656/pexels-photo-3519656.jpeg?auto=compress&cs=tinysrgb&dpr=1&w=500',
        'https://images.unsplash.com/photo-1546521677-b3a9b11bee6f?ixid=MnwxMjA3fDB8MHxwaG90by1wYWdlfHx8fGVufDB8fHx8&ixlib=rb-1.2.1&auto=format&fit=crop&w=632&q=80',
        'Hi, I\'m Tuan Thanh', 'Tp. Ho Chi Minh', 'Tp. Ho Chi Minh', 'MARRIED'),
       (9, 'tbthinh', '$2y$10$/KO/hcLUIEXNxsWfop6hmeh255Po0.Y2eJ66KCm0grl0HM8N81VJG', 'tbthinh@fit.hcmus.edu.vn',
        'https://images.pexels.com/photos/220453/pexels-photo-220453.jpeg?auto=compress&cs=tinysrgb&dpr=1&w=500',
        'https://images.unsplash.com/photo-1472289065668-ce650ac443d2?ixid=MnwxMjA3fDB8MHxwaG90by1wYWdlfHx8fGVufDB8fHx8&ixlib=rb-1.2.1&auto=format&fit=crop&w=1050&q=80',
        'Hi, I\'m Thinh', 'Tp. Ho Chi Minh', 'Tp. Ho Chi Minh', 'MARRIED'),
       (10, 'nlhdung', '$2y$10$/KO/hcLUIEXNxsWfop6hmeh255Po0.Y2eJ66KCm0grl0HM8N81VJG', 'nlhdung@fit.hcmus.edu.vn',
        'https://images.pexels.com/photos/733872/pexels-photo-733872.jpeg?auto=compress&cs=tinysrgb&dpr=1&w=500',
        'https://images.unsplash.com/photo-1530542815882-00148101a747?ixid=MnwxMjA3fDB8MHxwaG90by1wYWdlfHx8fGVufDB8fHx8&ixlib=rb-1.2.1&auto=format&fit=crop&w=700&q=80',
        'Hi, I\'m Huynh Dung', 'Tp. Ho Chi Minh', 'Tp. Ho Chi Minh', 'MARRIED'),
       (11, 'nlqchi', '$2y$10$/KO/hcLUIEXNxsWfop6hmeh255Po0.Y2eJ66KCm0grl0HM8N81VJG', 'nlqchi@fit.hcmus.edu.vn',
        'https://images.pexels.com/photos/1082962/pexels-photo-1082962.jpeg?auto=compress&cs=tinysrgb&dpr=1&w=500',
        'https://images.unsplash.com/photo-1487147264018-f937fba0c817?ixlib=rb-1.2.1&ixid=MnwxMjA3fDB8MHxwaG90by1wYWdlfHx8fGVufDB8fHx8&auto=format&fit=crop&w=634&q=80',
        'Hi, I\'m Quynh Cheese', 'Tp. Ho Chi Minh', 'Ha Noi', 'SINGLE');
#        (5, 'htthanh', '123456', 'htthanh@fit.hcmus.edu.vn', '', '', '', '', '', 'EMPTY');

INSERT INTO `follows`(user_id, following_id)
VALUES (1, 2),
       (1, 4),
       (1, 5),
       (2, 1),
       (4, 1),
       (4, 2);

INSERT INTO `posts`(id, `user_id`, `description`, `img`, `created_at`, `updated_at`)
VALUES (1, 1, 'Hey! It\'s my first post :)',
        'https://images.unsplash.com/photo-1482061855243-4d326cb25fe2?ixlib=rb-1.2.1&ixid=MnwxMjA3fDB8MHxwaG90by1wYWdlfHx8fGVufDB8fHx8&auto=format&fit=crop&w=1050&q=80',
        '2021-06-2T14:29:48', '2021-06-2T19:29:48'),
       (2, 1, 'Hello everyone',
        'https://images.unsplash.com/photo-1487715433499-93acdc0bd7c3?ixlib=rb-1.2.1&ixid=MnwxMjA3fDB8MHxwaG90by1wYWdlfHx8fGVufDB8fHx8&auto=format&fit=crop&w=1114&q=80',
        '2021-05-25T14:29:48', '2021-05-25T10:29:48'),
       (3, 2, 'It\'s so cool',
        'https://images.unsplash.com/photo-1473042904451-00171c69419d?ixlib=rb-1.2.1&ixid=MnwxMjA3fDB8MHxwaG90by1wYWdlfHx8fGVufDB8fHx8&auto=format&fit=crop&w=1075&q=80',
        '2021-07-5T14:29:48', '2021-07-5T12:29:48'),
       (4, 1, 'Beautiful view',
        'https://images.unsplash.com/photo-1519865885898-a54a6f2c7eea?ixid=MnwxMjA3fDB8MHxwaG90by1wYWdlfHx8fGVufDB8fHx8&ixlib=rb-1.2.1&auto=format&fit=crop&w=695&q=80',
        '2021-06-26T17:13:38', '2021-06-26T17:13:38'),
       (5, 2, 'It\'s water',
        'https://images.unsplash.com/photo-1533167649158-6d508895b680?ixid=MnwxMjA3fDB8MHxwaG90by1wYWdlfHx8fGVufDB8fHx8&ixlib=rb-1.2.1&auto=format&fit=crop&w=1489&q=80',
        '2021-06-12T17:17:38', '2021-06-12T17:17:38');
INSERT INTO `like_posts`(`post_id`, `user_id`)
VALUES (1, 2),
       (1, 3),
       (2, 4);

INSERT INTO `friends`(user_id, friend_id)
VALUES (1, 2),
       (1, 4),
       (1, 5),
       (2, 1),
       (4, 1),
       (5, 1);

INSERT INTO `user_conversations`(first_user_id, second_user_id)
VALUES (1, 2),
       (2, 1),
       (1, 4),
       (4, 1),
       (1, 5),
       (5, 1),
       (4, 5),
       (5, 4);

INSERT INTO `user_messages` (`id`, `sender_id`, `receiver_id`, `content`, `created_at`)
VALUES (1, 1, 2, 'Hello, My name is An, nice to meet you!', '2021-06-12T17:17:38'),
       (2, 2, 1, 'Hi! My name is Nguyen, nice to meet you too', '2021-06-12T17:20:38'),
       (3, 4, 5, 'Hi! Nice to meet you too', '2021-06-12T17:20:38'),
       (4, 5, 4, 'Hello! Nice to meet you too', '2021-06-12T17:20:38'),
       (5, 1, 2, 'Hehe, so glad for your answer', '2021-06-12T17:20:38'),
       (6, 4, 1, 'Hi! Nice to meet you too', '2021-05-12T17:20:38'),
       (7, 5, 1, 'Hi! Nice to meet you too', '2021-07-2T17:20:38');
